年月日,未調整收盤價(元),週報酬率 %,外資買賣超(張),投信買賣超(張),自營買賣超(張),融資增加(張),融資減少(張),融券增加(張),融券減少(張),外資連續累計買賣超(張),投信連續累計買賣超(張),自營連續累計買賣超(張),法人連續累計買賣超(張),外資成交比重,投信成交比重,自營成交比重,法人成交比重,信用交易比重
2011/9/2,67.5,-0.005891,-18857,566,-254,3381,0,0,480,-18857,1499,-4313,-18545,60.88,1.48,3.43,65.79,3.66
2011/9/9,69.3,0.026667,13837,1000,185,0,1304,392,0,25918,11969,185,36486,58.55,1.31,3.39,63.25,2.42
2011/9/16,71.1,0.025975,41631,-1338,64,0,1966,949,0,55491,-1338,6913,60819,49.31,4.31,2.26,55.88,1.34
2011/9/23,67.5,-0.050633,-24091,4092,4000,2404,0,35,0,-50452,5457,5845,-40820,62.85,2.36,4.09,69.29,4.02
2011/9/30,70,0.037038,4240,869,-829,711,0,0,389,55988,869,-3172,57407,73.68,1.55,1.55,76.77,2.83
2011/10/7,69.1,-0.012857,3647,-2104,-353,214,0,0,204,3647,-2104,-353,1190,80.99,2.74,1.59,85.32,0.69
2011/10/14,70.3,0.017367,21681,-1084,-322,0,682,160,0,74097,-12313,-2208,59576,61.96,1.54,0.78,64.28,0.76
2011/10/21,70.3,0,5418,-960,1711,0,101,0,321,5418,-960,3818,6169,57.14,2.86,5.62,65.62,1.22
2011/10/28,73.1,0.03983,49577,45,108,0,1112,469,0,73455,45,3357,76879,58.22,2,0.41,60.64,1.53
2011/11/4,74.6,0.020519,32655,581,1130,0,507,349,0,32655,2321,3667,34366,55.6,1.45,1.68,58.73,1.24
2011/11/11,73.4,-0.016086,-720,2551,397,0,201,3,0,-5913,2612,1879,2228,65.2,5.81,0.91,71.93,2.65
2011/11/18,74.2,0.0109,-4215,2238,1668,389,0,0,338,-4215,6415,1771,-309,78.36,1.98,2.19,82.53,0.55
2011/11/25,71.6,-0.03504,-8403,329,854,92,0,0,477,-17784,15701,12737,-7648,63.5,1.37,2.51,67.38,1.87
2011/12/2,76,0.061453,15563,-1899,188,300,0,0,249,95664,-1899,1400,99999,63.46,3,1.06,67.52,1.27
2011/12/9,74.1,-0.025001,-5581,-295,291,1508,0,0,316,-5581,-295,291,-5585,57.48,1.87,1.67,61.02,2.53
2011/12/16,72.7,-0.018893,311,50,914,0,288,174,0,311,1570,1721,1275,68.76,0.97,4.72,74.45,1.39
2011/12/23,75.4,0.037139,2287,-1496,-85,7,0,0,45,2287,-1496,-85,706,72.84,3.07,0.43,76.34,1.52
2011/12/30,75.8,0.005305,8737,-131,-241,0,265,123,0,39113,-131,-241,37078,44.44,0.23,1.68,46.35,1.59
2012/1/6,75.6,-0.002638,-4870,-2651,295,874,0,0,195,-4870,-5133,1248,-7226,47.74,4.49,1.29,53.51,1.28
2012/1/13,77.5,0.025133,31955,-1377,191,0,287,21,0,100037,-16328,473,91700,45.19,1.5,0.53,47.22,0.14
2012/1/18,76.7,-0.010323,23659,-7346,345,0,1243,162,0,31383,-35675,935,16926,65.46,6.42,1.48,73.36,0.32
2012/2/4,76.5,-0.002606,-3710,-1761,-2390,871,0,0,75,-24124,-57369,-7295,-32069,22.28,5.65,9.89,37.82,2.25
2012/2/10,76.9,0.005229,12488,-2262,-3149,0,278,0,203,49798,-68637,-5157,8444,62.92,2.39,3.56,68.87,0.35
2012/2/17,80,0.040312,30843,515,200,203,0,0,16,145003,515,200,93091,52.57,0.33,1.63,54.53,0.67
2012/2/24,79.1,-0.01125,1247,-1593,-2060,0,895,120,0,1247,-6348,-2144,-18734,67.07,2.81,3.43,73.31,1.67
2012/3/3,79.3,0.002529,-175,-1128,-645,78,0,0,209,-5010,-11222,-820,-9192,7.87,7.68,6.85,22.39,0.61
2012/3/9,80,0.008828,2527,1124,-642,19,0,0,111,13291,3770,-8739,13174,62.41,2.48,2.02,66.91,1.97
2012/3/16,81.1,0.01375,2678,-384,-1405,317,0,0,133,104333,-384,-2004,101131,59.19,2.83,2.77,64.79,0.21
2012/3/23,85.4,0.053021,17345,-65,97,0,199,0,26,191389,-65,178,194026,59.58,0.11,0.43,60.12,0.51
2012/3/30,84.9,-0.005855,-7125,1346,701,0,423,0,221,-9820,1898,701,-8174,76.88,1.85,1.27,80,0.82
2012/4/6,83.8,-0.012956,-14247,175,-241,203,0,0,1640,-24363,5865,-241,-21744,66.2,0.63,1.75,68.58,0.04
2012/4/13,84.9,0.013126,14212,2220,-1312,42,0,1131,0,14212,16595,-1312,15120,60.06,2.81,1.95,64.83,1.24
2012/4/20,84.3,-0.007067,-344,3124,-112,0,441,0,113,-344,29517,-112,18240,63.92,5.35,1.07,70.34,2.28
2012/4/27,86,0.020167,35233,3054,-168,1128,0,1160,0,35233,36091,-424,38119,62.79,1.83,1.89,66.52,3.63
2012/5/4,87.6,0.018604,-11618,-156,685,654,0,0,584,-11618,-217,685,-11089,75.05,0.51,1.46,77.02,1.33
2012/5/11,85.5,-0.023972,-9091,941,1453,0,11,0,11,-9091,4241,1453,-6697,61.54,1.99,3.15,66.69,3.25
2012/5/18,81.8,-0.043275,-31691,168,2245,1481,0,0,416,-31691,168,2245,-29278,59.84,0.91,2.35,63.1,2.22
2012/5/25,80,-0.022005,-9446,668,354,0,210,140,0,-106081,668,3507,-105607,57.98,1.21,1.91,61.11,1.67
2012/6/1,79.9,-0.00125,-25495,-1210,1158,3349,0,0,2178,-25495,-9322,1158,-25547,55.94,1.01,1.71,58.66,6.9
2012/6/8,77.9,-0.025032,-15901,221,206,1526,0,108,0,-15901,221,206,-15474,64.04,1.22,1.26,66.53,3.45
2012/6/15,78.1,0.002567,-15279,-2612,1139,1297,0,0,638,-22036,-2612,1783,-28764,85.57,1.5,0.77,87.84,0.51
2012/6/22,80.1,0.025609,-2520,232,811,177,0,0,254,-9634,232,2067,-8445,74.99,0.67,3.3,78.97,1.11
2012/6/29,81.3,0.014981,3454,-227,3762,0,1509,0,11,8333,-283,11813,12937,68.57,0.27,4.91,73.75,0.01
2012/7/6,80.9,0.031837,10046,-657,287,611,0,0,1,40782,-1116,287,18712,65.72,1.29,1.08,68.09,1.26
2012/7/13,75.8,-0.063041,-18946,-450,1704,1070,0,0,41,-110541,-4826,5903,-108635,59.58,0.47,2.99,63.03,5.15
2012/7/20,76.7,0.011872,-10103,65,-735,773,0,0,616,-10103,2540,-4765,-10773,71.54,0.68,1.22,73.43,2.86
2012/7/27,79.3,0.033897,41292,1097,-1560,0,4021,1346,0,56747,3542,-2681,57202,56.12,0.78,1.5,58.39,3.3
2012/8/3,79.8,0.006304,7221,-264,-167,0,703,167,0,7221,-930,-167,6790,81.33,0.28,0.88,82.49,0.92
2012/8/10,82,0.027567,5232,-302,1325,159,0,0,346,89626,-302,1346,89152,64.54,1.59,2.99,69.12,1.17
2012/8/17,82,0.000001,-1658,-789,875,96,0,0,404,-1658,-2184,922,-1571,79.42,1.35,2.89,83.66,0.81
2012/8/24,82,0,-3162,607,-432,357,0,0,309,-3162,607,-454,-2987,79,1.35,3.09,83.45,0.13
2012/8/31,83.3,0.015854,2918,1339,-421,0,672,25,0,28636,2603,-2372,25924,66.58,5.82,1.98,74.37,1.21
2012/9/7,83.8,0.006002,29101,51,-1043,0,3382,1121,0,29101,51,-1043,28109,46.65,0.07,2.43,49.15,2.24
2012/9/14,86.5,0.032219,25410,1492,1467,0,374,0,294,93447,1492,1467,93450,43.74,1.47,1.75,46.96,1.3
2012/9/21,85.7,-0.009249,16819,-659,-285,623,0,0,0,136352,-659,-285,135146,65.92,1.5,1.55,68.97,1.1
2012/9/28,89.8,0.047841,27188,1040,-420,0,195,834,0,220576,2494,-2678,219183,64.4,1.1,0.98,66.48,1.78
2012/10/5,91,0.013363,13152,-222,-869,27,0,0,99,273908,-708,-869,267581,70.89,0.36,1.59,72.84,0.42
2012/10/12,86.3,-0.051649,5416,-72,-1169,0,699,115,0,5416,-72,-1169,4175,65.29,2.53,3.83,71.65,0.68
2012/10/19,86.7,0.004635,623,319,-53,591,0,0,240,8474,319,-506,7618,67.07,2.45,2.32,71.84,1.79
2012/10/26,87.3,0.00692,19305,1249,-1021,0,1769,1092,0,19305,1315,-1021,19533,56.33,2.09,2.21,60.62,3.16
2012/11/2,89.9,0.029784,12653,910,-1213,0,632,85,0,51522,8549,-1213,58739,69.9,1.37,2.36,73.63,0.3
2012/11/9,90.8,0.01001,6972,-11,-2,0,40,0,128,6972,-11,-486,87937,77.57,0.05,2.08,79.7,0.45
2012/11/16,90.2,-0.006608,-519,187,567,0,143,0,81,-11375,3812,1120,1275,85.75,0.28,2.31,88.34,0.47
2012/11/23,95.5,0.058758,20956,-536,479,2695,0,4,0,24518,-536,1771,34070,45.49,3.16,1.56,50.21,1.59
2012/11/30,98.7,0.033508,7348,238,-354,0,1634,339,0,18006,238,-778,17435,71.46,0.4,2.08,73.94,2.64
2012/12/7,98.1,-0.006078,8084,-23,-1176,0,1536,988,0,11606,-489,-2210,9257,54.01,0.36,2.61,56.97,3.55
2012/12/14,98.4,0.003057,2783,188,63,0,549,0,26,17090,1064,1978,19464,70.67,0.4,1.45,72.52,1.97
2012/12/22,95.7,-0.027439,1152,663,-387,0,684,93,0,1152,813,-387,1428,7.1,4.56,7.95,19.61,2.15
2012/12/28,97,0.013583,9378,-206,-1397,0,456,0,60,29993,-206,-1397,29956,52.55,3.21,5.94,61.7,1.17
2013/1/4,101.5,0.046391,9245,44,-246,0,861,8,0,68052,2053,-3060,68405,73.31,0.54,2.62,76.46,0.95
2013/1/11,101,-0.004926,8196,-250,-69,0,320,124,0,18408,-1523,-69,18903,64.08,0.99,1.29,66.35,0.79
2013/1/18,101.5,0.004951,21850,-743,-312,0,1024,564,0,24010,-743,-1007,21981,62.38,2.21,5.48,70.07,3.16
2013/1/25,99,-0.02463,-11212,-1238,437,1170,0,0,271,-22798,-1540,437,-24696,72.69,1.3,1.68,75.67,1.95
2013/2/1,101.5,0.025252,4050,-327,-83,0,341,33,0,24647,-327,-6092,3640,86.56,0.7,0.88,88.14,0.32
2013/2/6,105,0.034482,15487,-317,-3293,0,297,36,0,58727,-3206,-9595,31338,61.15,0.83,6.42,68.4,0.38
2013/2/23,107,0.019048,4136,-669,-592,0,407,0,9,4136,-6297,-592,2875,20.58,4.29,8.01,32.88,1.29
2013/3/1,105,-0.018692,-3130,-1408,-191,0,135,0,32,-42701,-2300,-191,-43233,73.37,2.01,3.46,78.84,2.59
2013/3/8,103.5,-0.014285,8710,-3118,-1613,528,0,39,0,17028,-10501,-4266,3979,68.95,4.13,3.42,76.51,0.99
2013/3/15,103,-0.004831,-7113,4816,-1895,0,684,0,47,-10494,4816,-11199,-9923,69.87,7.09,4.24,81.19,0.5
2013/3/22,98,-0.048543,-22766,-1746,-66,1931,0,0,403,-146884,-4490,-66,-148449,52.79,2.41,3.09,58.29,1.47
2013/3/29,100.5,0.025511,468,-361,-89,0,829,0,461,468,-7866,-2826,18,69.69,1.19,2.4,73.28,1.13
2013/4/3,100.5,0,-2785,-223,-877,0,64,0,2165,-9325,-8714,-4530,-10756,81.27,1.15,1.8,84.21,0.05
2013/4/12,100.5,0,259,66,-961,232,0,92,0,3179,66,-961,-636,76.71,0.17,4.06,80.93,1.16
2013/4/19,106.5,0.059701,17018,3994,684,1027,0,1491,0,17018,3994,1856,21696,39.28,3.58,3.94,46.8,3.67
2013/4/26,108.5,0.01878,18339,-354,-2391,0,1381,385,0,25744,-354,-3120,23068,60.82,1.59,7.05,69.46,0.59
2013/5/3,110,0.013825,6251,-81,-3059,223,0,256,0,68785,-81,-4584,61067,71.58,0.68,6.69,78.95,1.96
2013/5/10,114.5,0.040909,11488,-999,-15,22,0,0,8,124453,-999,-15,113516,66.01,1.81,2.14,69.97,0.55
2013/5/17,113.5,-0.008733,4104,-534,206,50,0,0,220,4104,-4460,3570,3776,62.21,1.38,6.3,69.89,1.64
2013/5/24,109.5,-0.035242,-4067,-114,-611,0,557,424,0,-25356,-6994,-1422,-27362,45.45,0.22,8.37,54.04,1.42
2013/5/31,109.5,0.000001,-4596,-52,-681,259,0,0,161,-11015,-168,-1619,-12294,84.25,0.09,2.41,86.75,0.32
2013/6/7,108.5,-0.009134,-3232,-601,-731,0,418,182,0,-11822,-1883,-731,-12173,66.98,1.79,4.43,73.2,1.07
2013/6/14,106,-0.023041,2964,593,-3849,0,98,0,37,2964,1444,-3849,-51349,74.87,0.72,6.2,81.78,2.16
2013/6/21,103.5,-0.023586,-6494,471,-590,143,0,0,153,-38120,471,-590,-86273,62.14,2.15,4.97,69.27,2.61
2013/6/28,111,0.072463,8264,-497,-2427,0,3365,0,29,8264,-497,-3973,5340,61.81,0.63,3.19,65.62,0.02
2013/7/5,109,0.009511,9624,271,275,0,919,643,0,17182,271,275,13574,61.96,0.69,3.01,65.67,1.59
2013/7/12,110,0.009175,15118,-1042,-1475,0,373,308,0,38012,-1042,-3253,34062,66.83,2.63,2.51,71.97,0.58
2013/7/19,98.2,-0.107272,-50672,-3748,703,4448,0,1328,0,-53819,-9342,1874,-56621,56.72,2.06,2.09,60.87,2.81
2013/7/26,102.5,0.043788,-4535,-384,-121,0,250,0,143,-4535,-384,-991,-5040,75.04,0.6,1.85,77.49,0.92
2013/8/2,100.5,-0.019512,2592,-828,-54,136,0,186,0,2592,-1660,-493,1710,78.26,1.72,2.24,82.22,1.07
2013/8/9,96.4,-0.040796,-14428,-1336,642,1759,0,243,0,-92248,-7062,851,-97000,64.28,1.58,1.66,67.52,4.09
2013/8/16,96.5,0.001038,-3139,-316,717,0,161,98,0,-147427,-10965,717,-154894,64.22,0.83,2.83,67.88,4.28
2013/8/23,97,0.005181,-2460,1354,767,0,1664,153,0,-195988,1354,767,-207123,57.52,1.65,2.15,61.32,2.17
2013/8/30,100.5,0.036082,18682,25,-1310,0,3777,16,0,40816,2802,-4155,39082,61.54,1.71,2.38,65.64,0.93
2013/9/6,102,0.014925,5892,17,-156,0,767,65,0,5892,17,-156,5753,75.23,1.49,1.03,77.75,1.12
2013/9/14,102.5,0.004902,3351,-54,-398,0,143,69,0,64104,-1036,-1289,61706,37.85,1.59,4.92,44.36,1.63
2013/9/18,103,0.004877,-251,-1800,801,459,0,0,525,-251,-3364,801,-1250,79.54,2.8,2.15,84.49,0.39
2013/9/27,103,0,6411,30,-122,0,138,53,0,30575,30,-3012,25643,75.11,0.13,0.69,75.93,1.51
2013/10/4,104,0.009707,-3589,63,713,665,0,0,485,-3589,192,988,-2813,77.27,0.2,1.78,79.24,0.75
2013/10/11,106.5,0.024039,7841,233,123,108,0,676,0,15714,694,123,15336,73.98,0.95,1.04,75.97,1.52
2013/10/18,110,0.032863,39160,261,-641,0,2651,782,0,82547,3693,-641,86395,53.35,0.3,1.43,55.08,2.89
2013/10/25,107,-0.027273,-5333,-1065,246,1779,0,0,617,-5333,-2368,648,-6152,59.26,2.03,2.55,63.85,1.24
2013/11/1,109.5,0.023364,4358,-303,-475,0,792,55,0,23766,-303,-579,22247,64.44,1.85,4.2,70.5,1.44
2013/11/8,106,-0.031964,-9056,207,310,328,0,0,354,-9680,207,1868,-9028,64.19,1.89,1.33,67.41,1.35
2013/11/15,104,-0.018868,-10747,203,534,441,0,0,199,-56804,203,4577,-53482,63.38,0.51,1.66,65.54,0.56
2013/11/22,100,-0.038462,-28643,107,131,1364,0,0,23,-158770,139,14204,-144849,68.05,0.32,0.91,69.27,1.06
2013/11/29,105,0.05,8513,-77,748,129,0,0,24,25460,-77,1280,26032,63.65,0.23,1.41,65.29,0.48
2013/12/6,103,-0.019048,-4738,-390,192,90,0,0,104,-15333,-492,192,-15995,69.1,0.92,1.16,71.19,1.97
2013/12/13,102.5,-0.004855,-15120,794,359,1127,0,0,136,-22445,1244,847,-20426,55.43,1.48,1.33,58.25,0.87
2013/12/20,102,-0.004879,-11696,-187,626,0,240,21,0,-53154,-381,626,-52025,62.3,0.83,1.63,64.75,2.06
2013/12/27,104.5,0.024511,-3987,-289,301,352,0,9,0,-70046,-623,301,-68267,53.6,0.81,2.59,57,0.24
2013/12/31,105.5,0.024272,3853,155,228,0,170,0,15,12557,155,538,12521,49.76,2.08,3.64,55.48,0.92
2014/1/3,102.5,-0.019139,-24222,-811,1032,3170,0,0,316,-29007,-1795,2495,-28845,49.71,1.03,2.64,53.38,1.47
2014/1/10,102,-0.004878,-19017,1539,718,161,0,0,504,-50940,2401,718,-48343,55.26,2.24,3.27,60.77,0.79
2014/1/17,107.5,0.053922,26004,433,-7593,0,4580,341,0,44114,8171,-7593,45452,61.76,0.59,7.88,70.22,0.7
2014/1/24,108,0.004652,2376,142,-66,0,521,169,0,67199,142,-826,66754,76.72,0.23,1.22,78.17,1.3
2014/1/27,105,-0.027778,-28992,985,1233,1868,0,0,931,-28992,1127,1233,-26774,68.05,1.05,1.99,71.09,0.53
2014/2/7,104,-0.009524,-12622,359,-1535,0,2567,318,0,-160152,359,-1925,-158524,49.07,0.34,2.63,52.04,0.36
2014/2/14,107.5,0.033655,22636,223,270,0,2188,811,0,35692,223,270,31559,51.62,0.39,5.48,57.49,1.6
2014/2/21,107.5,0,19742,-454,-162,0,461,127,0,111275,-1118,-1749,105439,62.32,0.85,1.08,64.24,0.08
2014/2/27,108,0.004651,13334,-69,2200,0,914,0,37,173065,-69,2473,169964,69.06,0.29,2.63,71.98,0.08
2014/3/7,114.5,0.060185,24710,3,-2263,0,2026,0,59,226784,232,-3280,218377,55.13,0.52,2.23,57.88,0.4
2014/3/14,115,0.004367,5317,-285,102,880,0,0,396,32141,-285,102,28847,68.48,0.47,1.83,70.77,0.27
2014/3/21,112.5,-0.02174,25287,83,-1005,352,0,0,156,89918,548,-1140,85065,60.43,0.1,1.73,62.26,0.31
2014/3/28,117.5,0.044444,25892,-436,-1298,0,842,457,0,161713,-436,-1298,155704,45.87,0.5,1.95,48.32,0.2
2014/4/3,118.5,0.008511,4569,-856,191,522,0,0,248,230863,-856,191,223501,70.47,1.16,1.14,72.78,0.31
2014/4/11,120,0.012658,-773,993,273,398,0,0,319,-1666,993,563,493,56.91,2.33,1,60.24,0.86
2014/4/18,123,0.025001,10189,-467,-3159,0,2762,0,2336,10189,-467,-3159,6563,29.72,1.74,7,38.46,0.12
2014/4/25,118.5,-0.036585,3883,-258,-555,0,1104,98,0,3897,-3544,-555,3070,47.58,0.7,2.06,50.35,1.01
2014/5/2,118,-0.00422,-12780,-233,811,1022,0,0,11,-29572,-314,811,-29593,70.99,0.26,1.36,72.6,0.37
2014/5/9,120,0.016948,-637,29,-942,81,0,59,0,-64461,538,-1206,-64271,71.8,0.11,2.93,74.84,0.25
2014/5/16,122,0.016667,9001,-113,-4656,0,1082,149,0,9001,-113,-4656,4232,60.16,0.2,8.42,68.78,0.78
2014/5/23,122,0,-2912,-1,762,660,0,0,60,-2912,-394,1415,-2151,69.45,0.54,1.27,71.26,0.24
2014/5/30,119.5,-0.020491,-11234,-1306,681,1690,0,0,258,-11234,-3772,2107,-11859,62.7,0.94,1.96,65.61,0.06
2014/6/6,122.5,0.025104,-2346,-563,-305,0,56,14,0,-5632,-7374,-1956,-7807,56.85,1.46,1.81,60.12,0.56
2014/6/13,123,0.004081,-2369,-662,-67,0,3,0,84,-3727,-13407,-1272,-7349,77.15,1.94,0.78,79.87,0.43
2014/6/20,124.5,0.012195,-739,-1026,637,0,99,0,523,-739,-16253,1023,-1128,74.73,3.5,2.71,80.94,0.35
2014/6/27,125.5,0.008032,9595,213,66,0,1078,425,0,18930,1810,8380,26015,54.44,0.55,1.86,56.85,0.1
2014/7/4,135,0.075696,-18900,-177,66,0,185,0,202,-30591,-177,66,-30343,46.99,0.63,1.27,48.9,0.72
2014/7/11,136.5,0.011111,2114,-260,1754,0,1604,0,0,2114,-268,4923,3608,43.87,0.39,4.23,48.49,0.02
2014/7/18,123.5,-0.074753,-34909,640,3360,2042,0,0,328,-134495,640,8505,-128475,66.78,0.35,3.96,71.1,1.35
2014/7/25,123,-0.004049,-15050,319,-496,519,0,57,0,-204724,713,-496,-197076,53.98,0.52,2.88,57.38,0.34
2014/8/1,120,-0.02439,-20519,-291,771,968,0,0,39,-43485,-291,2151,-40999,71.02,0.69,1.59,73.3,0.34
2014/8/8,120.5,0.004167,-13894,618,15,921,0,0,96,-98710,1179,262,-93675,68.89,1.33,2.24,72.46,0.65
2014/8/15,124,0.029046,375,151,-1050,0,872,42,0,375,2405,-1828,-138601,56.87,0.6,4.38,61.85,0.5
2014/8/22,125.5,0.012096,3480,193,655,0,710,58,0,3480,4971,655,4328,77.1,0.3,1.37,78.77,0.2
2014/8/29,124,-0.011952,-4175,126,-118,294,0,0,77,-29177,6502,-163,-27019,77.84,0.66,3.31,81.81,0.09
2014/9/5,127,0.024193,377,449,-28,369,0,0,134,377,12306,-3332,6357,55.64,1.94,4.75,62.33,0.68
2014/9/12,123,-0.031496,-6240,185,-1592,452,0,0,209,-6240,13247,-2621,-21576,55.97,0.46,6.12,62.55,0.46
2014/9/19,125,0.016261,-259,171,-296,0,314,54,0,-28779,171,-333,-40156,81.35,0.82,3.21,85.38,0.12
2014/9/26,121,-0.032,-237,347,385,179,0,0,0,-237,347,385,3028,61.81,1.37,2.38,65.56,0.46
2014/10/3,124.5,0.028927,12582,1918,-2447,0,1892,708,0,12582,6017,-2447,12053,62.67,2.01,4.02,68.69,0.62
2014/10/9,125,0.004015,-3875,575,-323,0,1265,168,0,-15911,1896,-323,-13661,59.48,0.85,1.92,62.25,0.22
2014/10/17,123.5,-0.012001,20643,1787,-2796,0,1811,741,0,20643,7824,-2796,19634,74.28,1.11,2.04,77.43,0.6
2014/10/24,125.5,0.016194,-6807,104,720,468,0,0,389,-6807,9478,720,-5983,72.1,0.12,2.31,74.54,0.22
2014/10/31,130.5,0.039841,14884,-215,-16,0,624,485,0,70035,-215,-16,70665,70.18,0.45,1.59,72.22,0.41
2014/11/7,131,0.003831,4295,-101,636,165,0,0,192,143780,-101,636,143319,67.16,0.69,3.28,71.14,0.36
2014/11/14,135,0.030536,10930,203,71,0,51,105,0,205257,203,71,202915,63.53,0.74,2.02,66.28,0.31
2014/11/21,138.5,0.025927,7514,-508,-32,35,0,0,108,277058,-508,-1994,70124,72.19,1.16,1.41,74.75,0.41
2014/11/28,141.5,0.02166,10564,-371,119,278,0,364,0,308091,-1797,205,100377,72.37,0.51,0.98,73.86,0.22
2014/12/5,137.5,-0.028269,-7439,214,576,252,0,0,154,-7439,214,1354,-6649,70.35,0.93,1.43,72.72,0.18
2014/12/12,135,-0.018182,-10643,-111,-132,0,59,0,142,-33196,-505,-132,-33720,72.81,0.18,1.07,74.05,0.28
2014/12/19,138,0.022222,17125,478,-72,0,3329,1790,0,17125,610,-72,17531,50.2,1.85,3.76,55.81,0.67
2014/12/27,138.5,0.003623,-17,20,95,295,0,15,0,-17,20,113,6668,0.22,0.52,1.21,1.95,0.42
2014/12/31,141,0.018051,5081,-746,-457,143,0,124,0,29511,-746,-457,34616,56.21,2.03,1.88,60.12,0.32
2015/1/9,134,-0.049646,-32026,-1495,-13,3995,0,442,0,-32026,-1495,-637,-33534,47.52,1.3,4.97,53.79,1.46
2015/1/16,137,0.022388,12799,4403,844,0,1923,717,0,12876,4403,1466,18250,60.14,1.75,2.24,64.13,1.48
2015/1/23,145,0.058395,53385,674,-412,228,0,1545,0,176784,674,-1923,178117,49.7,0.49,1.25,51.44,0.52
2015/1/30,141,-0.027587,-10170,-413,1356,805,0,0,950,-11683,-1158,1451,-11390,71.99,1.1,1.93,75.02,2.92
2015/2/6,143,0.014184,-1277,-4,426,191,0,0,154,-6867,-109,3361,-6183,70.48,0.01,1.11,71.59,0.46
2015/2/13,148.5,0.038461,10709,210,-257,0,1147,80,0,49536,210,-2097,46940,57.02,1,1.61,59.63,0.52
2015/2/26,150.5,0.013468,8412,-763,512,1019,0,0,1060,91463,-763,512,88967,65.75,0.65,1.93,68.33,0.12
2015/3/6,149,-0.009967,-7018,-335,2206,841,0,0,351,-7018,-1087,2206,-5147,68.67,0.58,3.53,72.78,0.31
2015/3/13,149,0.000001,-5934,541,-533,0,2033,142,0,-97212,3295,-1303,-86544,65.35,0.61,1.98,67.94,0.34
2015/3/20,154,0.033557,141,-751,-325,82,0,0,221,34090,-751,-7956,-935,81.13,1,1.43,83.56,0.33
2015/3/27,142.5,-0.074676,-68227,-1296,2558,3904,0,0,992,-145841,-4867,8451,-141168,63.22,0.58,1.53,65.33,0.53
2015/4/2,147,0.031579,3960,51,-1722,0,669,0,32,3960,51,-1883,2289,65.87,0.63,2.42,68.91,0.04
2015/4/10,147,0,3756,-560,-133,0,2064,387,0,3756,-2237,-133,3063,53.97,0.83,2.72,57.52,0.27
2015/4/17,142.5,-0.030611,-35732,-2307,-1794,1310,0,0,715,-35732,-5512,-1794,-39833,61.36,1.55,2.32,65.23,0.3
2015/4/24,152.5,0.070175,88817,-232,-1957,0,6126,1496,0,104912,-232,-1957,104089,59.29,0.49,1.98,61.75,0.58
2015/4/30,147,-0.036065,-14490,-100,56,1437,0,0,376,-16155,-1612,3040,-14534,70.46,0.21,1.92,72.59,0.63
2015/5/8,146.5,-0.003403,-192,29,13,0,1758,0,36,-30756,226,760,-28231,67.29,0.11,1.64,69.04,1.55
2015/5/15,146.5,0,2084,-245,-1275,177,0,17,0,2084,-245,-1275,564,60.58,0.58,3.81,64.98,0.84
2015/5/22,145.5,-0.006826,-8669,-632,-136,0,12,15,0,-15276,-3060,-4346,-22831,54.95,1.47,2,58.42,0.81
2015/5/29,146,0.003436,-6628,-63,1367,728,0,0,50,-6628,-632,1367,-5324,89.91,0.25,1.43,91.59,0.11
2015/6/5,140,-0.041095,-13391,-730,-406,0,191,0,9,-67057,-7224,-406,-76620,54.64,0.91,1.87,57.43,0.59
2015/6/12,144.5,0.032143,-9520,-34,-570,0,1356,82,0,-129479,-34,-1677,-141138,62.74,0.59,0.99,64.32,0.2
2015/6/18,142,-0.017302,-11080,-143,1832,40,0,0,224,-167117,-811,3156,-176397,70.76,0.97,4.59,76.32,0.17
2015/6/26,146,0.028169,11716,-23,4466,0,2127,0,0,34786,-23,4466,39057,38.69,0.38,7.73,46.8,0.06
2015/7/3,142.5,0.007738,1203,50,-990,0,383,31,0,1208,50,-1514,263,62.92,0.15,3.97,67.04,1.1
2015/7/9,136.5,-0.042106,-22267,-362,-855,206,0,0,65,-41899,-362,-4586,-45449,57.39,0.44,4.6,62.44,0.47
2015/7/17,140,0.025641,22873,986,-2772,0,2858,0,42,22873,986,-2772,21087,53.13,1.05,2.89,57.07,0.79
2015/7/24,137,-0.021429,-3414,629,-447,154,0,379,0,-21478,3388,-447,-18491,72.79,1.12,1.05,74.95,0.13
2015/7/31,139.5,0.018248,6334,257,-1494,0,419,473,0,26113,5703,-3942,23253,78.87,0.46,2.46,81.78,0.98
2015/8/7,133,-0.046595,-8121,214,2,784,0,96,0,-39070,214,6989,-19265,49.53,1.07,2.07,52.67,0.49
2015/8/14,126,-0.052632,-4308,-1518,296,1591,0,77,0,-4308,-1727,1099,-5530,64.45,2.19,2.19,68.84,0.8
2015/8/21,121,-0.039683,-13678,-335,-1290,622,0,0,108,-22968,-3090,-1290,-25126,64.62,0.25,1.79,66.65,0.87
2015/8/28,125,0.033058,-666,-220,-480,0,660,0,98,-13708,-220,-6898,-14658,67.2,1,2.33,70.53,0.58
2015/9/4,125,0,-29,-286,-977,253,0,0,345,-29,-286,-14451,-1292,66.42,0.73,3.04,70.2,0.08
2015/9/11,127.5,0.02,5180,-293,366,0,581,21,0,5180,-736,2274,5253,66.43,1.29,1.65,69.37,0.98
2015/9/18,131.5,0.031373,7206,-1854,559,0,156,0,226,46490,-1854,4630,46870,78.67,3.18,1.14,82.98,0.13
2015/9/25,127,-0.034221,654,202,81,157,0,0,283,7305,747,81,6790,75.66,0.41,2.83,78.9,0.69
2015/10/2,132,0.03937,-715,216,271,335,0,0,336,-715,2382,271,-228,75.3,0.91,1.57,77.79,0.04
2015/10/8,136,0.030304,13850,420,2,0,1124,121,0,37292,1422,2,38331,56.18,0.71,0.99,57.88,0.31
2015/10/16,137.5,0.011029,-2341,309,804,1108,0,0,717,-2341,1065,3382,-1228,61.85,0.68,2.64,65.17,0.45
2015/10/23,140,0.018182,17978,-142,-437,0,1469,158,0,52162,-142,-1549,52170,61.95,0.85,1.72,64.52,0.2
2015/10/30,136.5,-0.025,45,126,245,282,0,0,54,45,375,1181,416,80.96,0.23,1.34,82.53,0.13
2015/11/6,140,0.02564,-7602,-132,387,1389,0,0,944,-7602,-132,759,-7347,69.97,0.27,1.96,72.19,0.19
2015/11/13,136,-0.028572,-7385,76,55,663,0,0,218,-7385,960,55,-7254,74.65,0.34,1.83,76.82,0.2
2015/11/20,141,0.036765,6526,29,-419,0,393,173,0,13488,29,-663,12768,67.94,0.93,1.17,70.03,0.25
2015/11/27,139,-0.014184,-7575,-380,143,912,0,0,266,-7575,-753,290,-7812,77.45,0.99,1.74,80.18,0.2
2015/12/4,140.5,0.010792,-10257,-141,748,599,0,0,490,-10257,-988,1022,-9650,74.81,0.37,1.83,77.01,0.18
2015/12/11,139.5,-0.007117,-7060,474,-327,259,0,10,0,-31600,730,-327,-29344,71.24,0.93,1.5,73.68,0.17
2015/12/18,142,0.017921,5524,76,341,300,0,0,399,60810,76,341,59387,81.18,0.66,1.24,83.07,0.1
2015/12/25,143,0.007043,2844,-23,-48,0,86,37,0,12673,-412,-758,11503,64.01,0.8,2.48,67.29,2.23
2015/12/31,143,0.000001,1405,946,-35,0,526,80,0,1914,1018,-35,2981,67.15,3.5,2.08,72.73,0.26
2016/1/8,134,-0.062938,-980,-119,-198,264,0,0,142,-61531,-1840,-198,-58322,77.01,0.38,4.09,81.47,0.27
2016/1/15,137,0.022388,24789,1797,-1612,0,2264,1513,0,24789,1797,-6328,24974,62.27,1.59,3.74,67.6,0.47
2016/1/22,138.5,0.010949,10551,307,-1709,0,1577,487,0,11032,4402,-4175,9149,68.51,0.45,4.3,73.26,0.62
2016/1/30,142,0.02527,4234,33,1438,369,0,0,592,39053,33,2462,39732,23.57,1.67,7.04,32.28,0.13
2016/2/3,146,0.028169,33449,13,-1411,0,1076,489,0,102132,111,-1411,101895,66.32,0.03,1.54,67.9,0.34
2016/2/19,151,0.034246,10748,-21,841,0,87,0,78,180372,-21,841,183233,73.77,0.22,2.08,76.07,0.38
2016/2/26,149,-0.013245,5514,-398,2541,937,0,0,297,218128,-398,2541,222611,69.79,0.87,2.96,73.63,0.14
2016/3/4,152.5,0.02349,-264,-401,1405,432,0,0,330,-264,-465,1405,261972,76.5,0.53,2.99,80.03,0.1
2016/3/11,155,0.016393,15092,169,-425,279,0,0,14,47924,182,-2377,308292,67.3,0.49,2.06,69.85,0.09
2016/3/18,159.5,0.029034,26231,-114,-539,0,453,0,75,144356,-1441,-2767,401341,72.06,0.54,0.65,73.24,0.09
2016/3/25,158,-0.009405,1451,-371,449,102,0,0,406,179209,-3128,1435,436118,36.43,1.69,4.47,42.59,0.43
2016/4/1,158.5,0.003164,-5721,23,1495,1332,0,0,0,-5721,865,2302,-4203,65.82,0.6,3.61,70.03,0.03
2016/4/8,157.5,-0.00631,-474,-313,-2464,0,1549,1353,0,-25742,-676,-4753,-25921,58.49,0.47,3.57,62.53,0.4
2016/4/15,159.5,0.012698,-3566,-1062,126,0,462,0,36,-3566,-1670,2002,-4502,62.69,1.09,3.02,66.8,1.3
2016/4/22,156.5,-0.018808,7473,-86,-2241,0,291,278,0,18640,-3018,-3425,14956,72.96,0.2,5.05,78.21,0.37
2016/4/29,150,-0.041533,-28497,-1187,2040,1673,0,0,294,-51454,-1460,6782,-46340,68.48,0.78,1.95,71.2,0.41
2016/5/6,148,-0.013334,-6136,-8,123,170,0,76,0,-145605,-8,11840,-135895,84.42,0.04,1.38,85.84,0.32
2016/5/13,144,-0.027027,-33496,320,934,571,0,0,79,-222094,320,934,-211914,62.46,0.28,2.01,64.75,0.16
2016/5/20,148.5,0.03125,6172,283,-3769,0,1251,321,0,6172,2062,-4901,2686,71.3,0.55,6.45,78.31,0.46
2016/5/27,156.5,0.053871,5756,331,-243,0,450,198,0,22206,1066,-1579,21693,76.63,0.62,2.04,79.29,0.4
2016/6/4,160,0.022364,752,-708,646,0,26,0,73,86986,-1106,646,84983,16.88,20.64,12.39,49.9,0.17
2016/6/8,165.5,0.034375,19134,-117,-54,0,436,62,0,135252,-117,-54,133599,62.38,0.5,1.94,64.82,0.35
2016/6/17,163,-0.015105,7676,-309,-306,0,424,0,129,7676,-567,-306,7061,74.8,0.5,6.01,81.31,0.19
2016/6/24,159,-0.02454,-39336,-680,9460,1828,0,0,0,-39336,-709,17745,-30556,52.46,0.46,7.68,60.6,0.02
2016/7/1,166,0.084309,23286,-129,-1686,0,810,1460,0,83453,-155,-12573,71472,55.36,0.23,3.08,58.68,0.32
2016/7/7,164.5,-0.009036,5787,-169,-1663,0,343,553,0,5787,-2081,-1663,3955,47.51,0.53,4.3,52.34,0.14
2016/7/15,169.5,0.030395,2857,-1087,587,0,301,1,0,11169,-2219,587,7436,69.38,1.32,2.32,73.02,0.25
2016/7/22,171,0.00885,5743,-176,-1407,0,160,141,0,57719,-790,-1407,49988,78.35,1.64,3.27,83.26,0.09
2016/7/29,172.5,0.008771,-2711,-258,1368,690,0,0,179,-2711,-258,1368,-1601,69.37,0.63,4.21,74.21,0.08
2016/8/5,177,0.026087,13042,-361,-2658,0,1204,161,0,14956,-1265,-3421,11042,60.17,0.7,6.19,67.06,0.13
2016/8/12,177.5,0.002825,6078,-244,-1019,0,109,228,0,6078,-783,-1019,4815,80.88,0.59,2.76,84.22,0.01
2016/8/19,174.5,-0.016902,-902,-974,-642,31,0,55,0,-902,-3106,-642,-2518,69.86,2.07,2.95,74.88,0.04
2016/8/26,177,0.014326,447,-429,908,150,0,0,3,13230,-4362,908,9852,84.8,1.52,3.4,89.72,0.11
